{
  "checkpoint": "runs\\rcnn\\best.pt",
  "map_50_95": 0.00019327618558311806,
  "ap50": 0.00023399681179343934,
  "ap75": 0.00023399681179343934,
  "num_images": 148,
  "score_threshold": 0.05
}