{
  "Fine-tuned": {
    "detection": {
      "map_50_95": 0.871,
      "map_50": 0.994,
      "precision": 0.992,
      "recall": 0.996,
      "fps": 38.02281368821293,
      "inference_ms": 26.3
    },
    "counting": {
      "accuracy": 61.58536585365854,
      "mae": 0.6585365853658537
    },
    "resources": {
      "model_size_mb": 325.3867473602295
    }
  },
  "Pretrained (COCO)": {
    "detection": {
      "map_50_95": 0.51,
      "map_50": 0.749,
      "precision": 0.787,
      "recall": 0.577,
      "fps": 33.11258278145696,
      "inference_ms": 30.2
    },
    "counting": {
      "accuracy": 0.0,
      "mae": 41.042682926829265
    },
    "resources": {
      "model_size_mb": 98.37466430664062
    }
  }
}