{
  "train_loss": [
    0.6231157727025706,
    0.2636555014499303,
    0.2299497091564639,
    0.21477254364511061,
    0.20238867158005977,
    0.1926321216441434,
    0.18702545363841386,
    0.18198081671163954,
    0.17760110235419765,
    0.1754415561926776,
    0.17226292424160858,
    0.167796295007755,
    0.16805144566400299,
    0.1635455455759476,
    0.16126101508993526,
    0.15671772182244678,
    0.15588328325799827,
    0.1566968393223039,
    0.15654460931646413,
    0.15523005867826528,
    0.15583842819363908,
    0.15551651551805692,
    0.15521860777817922,
    0.15430971710332508
  ],
  "val_map": [
    0.7753169703636721,
    0.7925382786200985,
    0.8012092672113739,
    0.8032466435477752,
    0.7990699374061978,
    0.8088152892469993,
    0.8102834521127921,
    0.8117347950941937,
    0.8146723456877807,
    0.8145863109999371,
    0.8126238513858812,
    0.8167878075849436,
    0.8176999723588042,
    0.8180928078514479,
    0.8215682700256318,
    0.8212725734530378,
    0.8232583896114849,
    0.8224501157417277,
    0.8226050877435686,
    0.8235195290458764,
    0.8234793848509386,
    0.8236967824606579,
    0.8220319003557194,
    0.8234449460518374
  ],
  "val_ap50": [
    0.9886529732890826,
    0.9892044336463611,
    0.9893723375843039,
    0.9894430480624227,
    0.9894616481067586,
    0.989485863143217,
    0.9894455477695739,
    0.9894896942122707,
    0.9895144736193409,
    0.9894635750824907,
    0.9894854799513989,
    0.9894031225444762,
    0.989475072656384,
    0.9894661230167132,
    0.9894762150491778,
    0.9894924499927096,
    0.989465847053482,
    0.9894552312747775,
    0.9894447086623718,
    0.9894712963096861,
    0.9894991764621041,
    0.989484785833524,
    0.9894625691513632,
    0.9894569668936564
  ],
  "val_ap75": [
    0.951537237334321,
    0.9638485194382499,
    0.9755112689618128,
    0.9759880021779309,
    0.9761851546777319,
    0.9759924230769499,
    0.9758742196931208,
    0.9762924068962338,
    0.9766176006680247,
    0.9769001975080783,
    0.9770087910804579,
    0.9766321968315027,
    0.9871023971202543,
    0.9770512027130502,
    0.9866317953420514,
    0.976905833097339,
    0.9868033939850879,
    0.97694155614249,
    0.9767476069725671,
    0.986461023444977,
    0.9865787335705867,
    0.9867168946956698,
    0.9769243536328338,
    0.9864078224041478
  ],
  "lr": [
    0.001,
    0.001,
    0.001,
    0.001,
    0.001,
    0.001,
    0.001,
    0.001,
    0.001,
    0.001,
    0.001,
    0.001,
    0.001,
    0.001,
    0.0001,
    0.0001,
    0.0001,
    0.0001,
    0.0001,
    0.0001,
    0.0001,
    0.0001,
    0.0001,
    0.0001
  ],
  "loss_classifier": [
    0.18546620727484597,
    0.07024817207250102,
    0.06115598873845462,
    0.056979961853859756,
    0.05231070804313339,
    0.04922349262854148,
    0.04730548789917395,
    0.04612534000249258,
    0.044513359681927954,
    0.044393562599374305,
    0.043542530965702285,
    0.04270339914565456,
    0.042544423907609846,
    0.041517778685123755,
    0.04127023425274368,
    0.039789505752510036,
    0.040272218416091694,
    0.04042683928755337,
    0.04028698029638878,
    0.03985605889867092,
    0.039888254238356805,
    0.040229452131637214,
    0.039844141598662425,
    0.039540149046686186
  ],
  "loss_box_reg": [
    0.36727605541718417,
    0.16438172320867406,
    0.14570792314821276,
    0.13717954811351052,
    0.1312644301817335,
    0.12571087036410283,
    0.12303211225260949,
    0.12005594160793157,
    0.11774493953020408,
    0.11651199516551249,
    0.11437159160087848,
    0.11144924247316246,
    0.11212044787304155,
    0.10900661548406913,
    0.10733129238260203,
    0.10456281367303996,
    0.1035993803806346,
    0.10414803920891778,
    0.10406025319263854,
    0.103369590794218,
    0.10382048708611522,
    0.10333676353610795,
    0.10323074081077657,
    0.10287903159342963
  ],
  "loss_objectness": [
    0.04314943678388051,
    0.01051920473150074,
    0.006589048079431763,
    0.005319056984294078,
    0.0043703521188380645,
    0.004011262456609482,
    0.0033021000141663284,
    0.0029818244902657925,
    0.0028576493842310496,
    0.002373348981752221,
    0.0022575162875000387,
    0.002029147746788081,
    0.0017936291691951517,
    0.0017867350340158485,
    0.0016561374898722942,
    0.0016135246332851239,
    0.0013928508645943206,
    0.0014631586946679503,
    0.0014776865568349202,
    0.0013893365359198752,
    0.0015132416675473436,
    0.0013999261603297281,
    0.0015796772073874057,
    0.001329798312357964
  ],
  "loss_rpn_box_reg": [
    0.02722407785115828,
    0.01850640453430342,
    0.016496751047991986,
    0.015293977407995483,
    0.014443181479221275,
    0.013686496443275747,
    0.013385753010817129,
    0.012817711023421123,
    0.012485154535107571,
    0.012162648952277056,
    0.012091286616913718,
    0.011614506205158501,
    0.011592945750353151,
    0.011234417236570654,
    0.011003351392995181,
    0.01075187895912677,
    0.010618833218829641,
    0.010658801842384553,
    0.010719689147161513,
    0.01061507308020674,
    0.010616446194913367,
    0.010550374277578345,
    0.010564049408803212,
    0.010560738613250954
  ],
  "val_ap_small": [
    0.14099697343273015,
    0.23026444309317973,
    0.29537810529492514,
    0.3202465191721709,
    0.35435202819880796,
    0.3920347155704926,
    0.40108119739557946,
    0.4502281894622349,
    0.47252192292725165,
    0.49942542346067614,
    0.4788680433729385,
    0.5046677884522993,
    0.4768867570243326,
    0.5212235845429373,
    0.5147178294225171,
    0.5104597963276917,
    0.5175116150140974,
    0.5181817913579677,
    0.5165875794947005,
    0.520435511187158,
    0.5113229576133137,
    0.5230100390426577,
    0.5141333793314933,
    0.5214125765426255
  ],
  "val_ap_medium": [
    0.7765553002506296,
    0.7936341531897728,
    0.8018297094369595,
    0.8051370626943125,
    0.8005802066052055,
    0.8094699841495994,
    0.8103901469095358,
    0.8117887895145421,
    0.8147315681129704,
    0.8156084221074221,
    0.8160650706933062,
    0.817792167959734,
    0.8186785455010731,
    0.8200704494941832,
    0.8216598258555188,
    0.8232651911664506,
    0.8233275983498978,
    0.8234669507321692,
    0.8236611474522815,
    0.8235984683627819,
    0.8235555566756375,
    0.8237691173549115,
    0.82368409186019,
    0.8235282166063197
  ],
  "val_ap_large": [
    0.7796465548124264,
    0.8175790118666003,
    0.8422860333859296,
    0.8335821890380616,
    0.8540027475799608,
    0.8377439667492222,
    0.8330912687807318,
    0.8472074981821981,
    0.8440755348183941,
    0.8391165002121264,
    0.8429851838123298,
    0.8590897179485669,
    0.861875688683603,
    0.8521438409457682,
    0.8494568447345874,
    0.8481820555847454,
    0.8524989593399318,
    0.8578491385381536,
    0.8510537910994433,
    0.8508387672917179,
    0.8515760730386074,
    0.8535636022636826,
    0.8499111672700808,
    0.8481655076532554
  ],
  "val_ar_1": [
    0.01988482782935715,
    0.020072864026325066,
    0.020190386649430014,
    0.020284404747913973,
    0.020166882124809028,
    0.020190386649430018,
    0.02036667058408743,
    0.0202256434363615,
    0.02035491832177694,
    0.020507697731813372,
    0.020366670584087435,
    0.020495945469502876,
    0.020484193207192383,
    0.02048419320719238,
    0.02055470678105535,
    0.020601715830297334,
    0.02056645904336585,
    0.020613468092607824,
    0.02054295451874486,
    0.02062522035491832,
    0.020495945469502876,
    0.02063697261722882,
    0.020507697731813372,
    0.020660477141849806
  ],