{
  "Fine-tuned": {
    "accuracy": {
      "mAP": 0.7742286477284416,
      "AP50": 0.9888987100451018,
      "AP75": 0.9612527344806707,
      "AP_small": 0.17352593130062022,
      "AP_medium": 0.7754008152628755,
      "AP_large": 0.7797903241164784,
      "AR_max100": 0.8201198730755671
    },
    "speed": {
      "single_image_fps": 7.967964749915634,
      "batch_fps": 7.967964749915634,
      "mean_latency_ms": 502.01025299997127,
      "p95_latency_ms": 512.3827849998861,
      "p99_latency_ms": 516.5109570000368
    },
    "resources": {
      "model_size_mb": 165.23569869995117,
      "gpu_memory_mb": 841.3173828125
    }
  },
  "Pretrained (COCO)": {
    "accuracy": {
      "mAP": 0.002433440581773063,
      "AP50": 0.011934229137199432,
      "AP75": 0.0009600960096009601,
      "AP_small": 4.730656125961199e-05,
      "AP_medium": 0.002927273415677421,
      "AP_large": 0.11885902876001886,
      "AR_max100": 0.00894347161828652
    },
    "speed": {
      "single_image_fps": 7.828218971958707,
      "batch_fps": 7.828218971958707,
      "mean_latency_ms": 510.971910000003,
      "p95_latency_ms": 520.4683550000027,
      "p99_latency_ms": 526.810869000301
    },
    "resources": {
      "model_size_mb": 166.97567749023438,
      "gpu_memory_mb": 848.5947265625
    }
  }
}