{
  "rcnn": {
    "parameters": 41299161,
    "model_size_mb": 314.74450874328613,
    "speed": {
      "mean_ms": 65.67363739013672,
      "std_ms": 0.9362746511301971,
      "min_ms": 61.98477745056152,
      "max_ms": 68.05634498596191,
      "median_ms": 65.63138961791992,
      "fps": 15.226810022101597
    },
    "memory": {
      "gpu_memory_mb": 538.60546875
    },
    "accuracy": {
      "AP": 0.00011325454706808926,
      "AP50": 0.00014372931849437006,
      "AP75": 0.00013719616765371688,
      "AP_small": -1.0,
      "AP_medium": 0.00011526195555538614,
      "AP_large": -1.0,
      "AR_1": 0.00021800062285892247,
      "AR_10": 0.0024135783245094987,
      "AR_100": 0.0053254437869822485,
      "AR_small": -1.0,
      "AR_medium": 0.0053254437869822485,
      "AR_large": -1.0,
      "num_predictions": 3034,
      "num_images": 148
    }
  },
  "yolo": {
    "parameters": 50698278,
    "model_size_mb": 325.3878526687622,
    "speed": {
      "mean_ms": 45.977439880371094,
      "std_ms": 0.7425503310534721,
      "min_ms": 44.30580139160156,
      "max_ms": 47.52159118652344,
      "median_ms": 45.90201377868652,
      "fps": 21.749797348480133
    },
    "memory": {
      "gpu_memory_mb": 139.59375
    },
    "accuracy": {
      "AP": 0.00023000298204404503,
      "AP50": 0.00026607150123801506,
      "AP75": 0.00026607150123801506,
      "AP_small": -1.0,
      "AP_medium": 0.00023202082770736455,
      "AP_large": -1.0,
      "AR_1": 0.00043600124571784493,
      "AR_10": 0.0027717222049205856,
      "AR_100": 0.011709747742136404,
      "AR_small": -1.0,
      "AR_medium": 0.011709747742136404,
      "AR_large": -1.0,
      "num_predictions": 6475,
      "num_images": 148
    }
  }
}