{
  "train_loss": [
    0.6731224659550397
  ],
  "val_map": [
    0.0
  ],
  "val_ap50": [
    0.0
  ],
  "val_ap75": [
    0.0
  ],
  "lr": [
    0.00025
  ]
}